index,stationID,tz,obsTimeUtc,obsTimeLocal,epoch,lat,lon,solarRadiationHigh,uvHigh,winddirAvg,humidityHigh,humidityLow,humidityAvg,qcStatus,metric.tempHigh,metric.tempLow,metric.tempAvg,metric.windspeedHigh,metric.windspeedLow,metric.windspeedAvg,metric.windgustHigh,metric.windgustLow,metric.windgustAvg,metric.dewptHigh,metric.dewptLow,metric.dewptAvg,metric.windchillHigh,metric.windchillLow,metric.windchillAvg,metric.heatindexHigh,metric.heatindexLow,metric.heatindexAvg,metric.pressureMax,metric.pressureMin,metric.pressureTrend,metric.precipRate,metric.precipTotal,station_name
2021-06-14 06:00:00,IVANDE4,America/Vancouver,2021-06-14T13:24:51Z,2021-06-14 06:24:51,1623677091.0,54.054316,-124.025747,39.88,0.0,60.0,93.0,91.0,92.0,-1.0,9.0,9.0,9.0,4.0,0.0,1.0,7.0,0.0,1.0,8.0,8.0,8.0,9.0,9.0,9.0,9.0,9.0,9.0,932.51,932.24,0.66,0.0,0.0,SAEG_Vanderhoof
2021-06-14 05:00:00,IVANDE4,America/Vancouver,2021-06-14T11:59:36Z,2021-06-14 04:59:36,1623671976.0,54.054316,-124.025747,2.94,0.0,62.0,94.0,89.0,91.0,-1.0,9.0,8.0,9.0,4.0,0.0,1.0,4.0,0.0,1.0,8.0,7.0,8.0,9.0,8.0,9.0,9.0,8.0,9.0,932.34,931.43,0.51,0.0,0.0,SAEG_Vanderhoof
2021-06-14 04:00:00,IVANDE4,America/Vancouver,2021-06-14T10:59:40Z,2021-06-14 03:59:40,1623668380.0,54.054316,-124.025747,0.0,0.0,61.0,93.0,88.0,91.0,-1.0,9.0,9.0,9.0,4.0,0.0,1.0,4.0,0.0,1.0,8.0,7.0,7.0,9.0,9.0,9.0,9.0,9.0,9.0,932.04,931.22,-0.31,0.0,0.0,SAEG_Vanderhoof
2021-06-14 03:00:00,IVANDE4,America/Vancouver,2021-06-14T09:59:44Z,2021-06-14 02:59:44,1623664784.0,54.054316,-124.025747,0.0,0.0,77.0,93.0,87.0,90.0,-1.0,10.0,8.0,9.0,5.0,0.0,1.0,5.0,0.0,1.0,8.0,7.0,8.0,10.0,8.0,9.0,10.0,8.0,9.0,932.04,931.43,0.21,0.0,0.0,SAEG_Vanderhoof
2021-06-14 02:00:00,IVANDE4,America/Vancouver,2021-06-14T08:59:48Z,2021-06-14 01:59:48,1623661188.0,54.054316,-124.025747,0.0,0.0,90.0,87.0,79.0,82.0,-1.0,12.0,10.0,12.0,4.0,0.0,2.0,5.0,0.0,2.0,9.0,8.0,9.0,12.0,10.0,12.0,12.0,10.0,12.0,931.73,930.92,0.41,0.0,0.0,SAEG_Vanderhoof
2021-06-14 01:00:00,IVANDE4,America/Vancouver,2021-06-14T07:59:52Z,2021-06-14 00:59:52,1623657592.0,54.054316,-124.025747,0.0,0.0,56.0,83.0,76.0,78.0,-1.0,13.0,12.0,13.0,9.0,0.0,4.0,11.0,0.0,5.0,9.0,9.0,9.0,13.0,12.0,13.0,13.0,12.0,13.0,931.22,930.61,0.21,0.0,0.0,SAEG_Vanderhoof
2021-06-13 23:00:00,IVANDE4,America/Vancouver,2021-06-14T05:59:59Z,2021-06-13 22:59:59,1623650399.0,54.054316,-124.025747,0.0,0.0,51.0,70.0,65.0,67.0,-1.0,17.0,15.0,16.0,13.0,1.0,5.0,15.0,2.0,7.0,10.0,10.0,10.0,17.0,15.0,16.0,17.0,15.0,16.0,930.51,929.83,0.1,0.0,0.2,SAEG_Vanderhoof
2021-06-13 22:00:00,IVANDE4,America/Vancouver,2021-06-14T04:59:32Z,2021-06-13 21:59:32,1623646772.0,54.054316,-124.025747,21.65,0.0,65.0,67.0,61.0,63.0,-1.0,18.0,16.0,17.0,14.0,4.0,8.0,17.0,5.0,10.0,11.0,10.0,10.0,18.0,16.0,17.0,18.0,16.0,17.0,930.24,929.33,0.41,0.0,0.2,SAEG_Vanderhoof
2021-06-13 21:00:00,IVANDE4,America/Vancouver,2021-06-14T03:59:36Z,2021-06-13 20:59:36,1623643176.0,54.054316,-124.025747,115.73,1.0,77.0,60.0,48.0,53.0,-1.0,21.0,18.0,20.0,12.0,0.0,5.0,15.0,0.0,6.0,11.0,10.0,11.0,21.0,18.0,20.0,21.0,18.0,20.0,929.73,928.82,0.41,0.0,0.2,SAEG_Vanderhoof
2021-06-13 20:00:00,IVANDE4,America/Vancouver,2021-06-14T02:59:40Z,2021-06-13 19:59:40,1623639580.0,54.054316,-124.025747,284.06,2.0,138.0,48.0,38.0,44.0,-1.0,23.0,21.0,22.0,15.0,0.0,6.0,18.0,2.0,8.0,10.0,7.0,9.0,23.0,21.0,22.0,22.0,20.0,21.0,929.12,928.31,0.51,0.0,0.2,SAEG_Vanderhoof
2021-06-13 19:00:00,IVANDE4,America/Vancouver,2021-06-14T01:59:44Z,2021-06-13 18:59:44,1623635984.0,54.054316,-124.025747,466.71,4.0,133.0,47.0,36.0,43.0,-1.0,24.0,22.0,23.0,27.0,2.0,10.0,37.0,4.0,13.0,11.0,7.0,10.0,24.0,22.0,23.0,23.0,21.0,22.0,928.62,928.11,0.31,0.0,0.2,SAEG_Vanderhoof
2021-06-13 18:00:00,IVANDE4,America/Vancouver,2021-06-14T00:59:48Z,2021-06-13 17:59:48,1623632388.0,54.054316,-124.025747,638.11,6.0,221.0,48.0,38.0,42.0,-1.0,24.0,21.0,23.0,11.0,0.0,5.0,13.0,2.0,6.0,10.0,9.0,9.0,24.0,21.0,23.0,24.0,20.0,22.0,928.72,928.11,-0.31,0.0,0.2,SAEG_Vanderhoof
2021-06-13 17:00:00,IVANDE4,America/Vancouver,2021-06-13T23:59:52Z,2021-06-13 16:59:52,1623628792.0,54.054316,-124.025747,679.7,6.0,121.0,47.0,37.0,41.0,-1.0,23.0,21.0,22.0,24.0,0.0,10.0,28.0,0.0,12.0,9.0,7.0,8.0,23.0,21.0,22.0,22.0,20.0,21.0,928.82,928.31,0.1,0.0,0.2,SAEG_Vanderhoof
2021-06-13 16:00:00,IVANDE4,America/Vancouver,2021-06-13T22:59:56Z,2021-06-13 15:59:56,1623625196.0,54.054316,-124.025747,758.24,7.0,108.0,43.0,37.0,40.0,-1.0,23.0,22.0,23.0,23.0,6.0,14.0,33.0,9.0,18.0,9.0,8.0,9.0,23.0,22.0,23.0,23.0,21.0,22.0,929.02,928.41,-0.41,0.0,0.2,SAEG_Vanderhoof
2021-06-13 15:00:00,IVANDE4,America/Vancouver,2021-06-13T21:59:29Z,2021-06-13 14:59:29,1623621569.0,54.054316,-124.025747,843.75,8.0,114.0,46.0,39.0,43.0,-1.0,23.0,20.0,22.0,24.0,4.0,14.0,33.0,5.0,17.0,9.0,7.0,8.0,23.0,20.0,22.0,22.0,20.0,21.0,929.63,928.92,-0.62,0.0,0.2,SAEG_Vanderhoof
2021-06-13 14:00:00,IVANDE4,America/Vancouver,2021-06-13T20:59:33Z,2021-06-13 13:59:33,1623617973.0,54.054316,-124.025747,921.31,8.0,105.0,49.0,40.0,45.0,-1.0,22.0,19.0,20.0,25.0,4.0,14.0,33.0,5.0,18.0,9.0,7.0,8.0,22.0,19.0,20.0,21.0,19.0,20.0,929.63,929.12,0.0,0.0,0.2,SAEG_Vanderhoof
2021-06-13 13:00:00,IVANDE4,America/Vancouver,2021-06-13T19:59:37Z,2021-06-13 12:59:37,1623614377.0,54.054316,-124.025747,852.44,8.0,102.0,50.0,43.0,46.0,-1.0,20.0,19.0,20.0,24.0,7.0,16.0,29.0,9.0,20.0,9.0,7.0,8.0,20.0,19.0,20.0,20.0,19.0,20.0,929.83,929.23,0.0,0.0,0.2,SAEG_Vanderhoof
2021-06-13 12:00:00,IVANDE4,America/Vancouver,2021-06-13T18:59:41Z,2021-06-13 11:59:41,1623610781.0,54.054316,-124.025747,894.89,8.0,103.0,55.0,43.0,47.0,-1.0,20.0,17.0,19.0,23.0,6.0,13.0,28.0,7.0,17.0,9.0,7.0,8.0,20.0,17.0,19.0,20.0,17.0,19.0,930.24,929.53,-0.41,0.0,0.2,SAEG_Vanderhoof
2021-06-13 11:00:00,IVANDE4,America/Vancouver,2021-06-13T17:59:45Z,2021-06-13 10:59:45,1623607185.0,54.054316,-124.025747,867.12,8.0,98.0,59.0,52.0,54.0,-1.0,18.0,16.0,17.0,21.0,8.0,14.0,28.0,9.0,17.0,9.0,8.0,8.0,18.0,16.0,17.0,18.0,16.0,17.0,930.72,930.04,-0.21,0.0,0.2,SAEG_Vanderhoof
2021-06-13 10:00:00,IVANDE4,America/Vancouver,2021-06-13T16:59:49Z,2021-06-13 09:59:49,1623603589.0,54.054316,-124.025747,763.87,7.0,80.0,62.0,57.0,60.0,-1.0,17.0,15.0,15.0,24.0,9.0,14.0,29.0,9.0,17.0,9.0,7.0,8.0,17.0,15.0,15.0,17.0,15.0,15.0,931.32,930.51,-0.72,0.0,0.2,SAEG_Vanderhoof
2021-06-13 09:00:00,IVANDE4,America/Vancouver,2021-06-13T15:59:53Z,2021-06-13 08:59:53,1623599993.0,54.054316,-124.025747,465.37,4.0,86.0,63.0,60.0,61.0,-1.0,15.0,14.0,14.0,20.0,5.0,13.0,28.0,7.0,16.0,7.0,6.0,7.0,15.0,14.0,14.0,15.0,14.0,14.0,931.73,931.02,-0.41,0.0,0.2,SAEG_Vanderhoof
2021-06-13 08:00:00,IVANDE4,America/Vancouver,2021-06-13T14:59:57Z,2021-06-13 07:59:57,1623596397.0,54.054316,-124.025747,339.23,3.0,85.0,68.0,63.0,66.0,-1.0,14.0,12.0,12.0,14.0,3.0,8.0,17.0,4.0,10.0,7.0,6.0,6.0,14.0,12.0,12.0,14.0,12.0,12.0,931.93,931.53,0.0,0.0,0.2,SAEG_Vanderhoof
2021-06-13 07:00:00,IVANDE4,America/Vancouver,2021-06-13T13:59:34Z,2021-06-13 06:59:34,1623592774.0,54.054316,-124.025747,49.42,0.0,85.0,73.0,67.0,69.0,-1.0,12.0,10.0,11.0,12.0,3.0,7.0,15.0,5.0,9.0,6.0,5.0,6.0,12.0,10.0,11.0,12.0,10.0,11.0,931.83,931.22,-0.31,0.0,0.0,SAEG_Vanderhoof
2021-06-13 06:00:00,IVANDE4,America/Vancouver,2021-06-13T12:59:38Z,2021-06-13 05:59:38,1623589178.0,54.054316,-124.025747,42.94,0.0,91.0,82.0,71.0,75.0,-1.0,11.0,9.0,10.0,14.0,4.0,8.0,17.0,5.0,11.0,6.0,5.0,6.0,11.0,7.0,9.0,11.0,9.0,10.0,931.93,931.43,0.21,0.0,0.0,SAEG_Vanderhoof
2021-06-13 05:00:00,IVANDE4,America/Vancouver,2021-06-13T11:59:42Z,2021-06-13 04:59:42,1623585582.0,54.054316,-124.025747,5.14,0.0,96.0,84.0,77.0,79.0,-1.0,9.0,8.0,9.0,14.0,2.0,7.0,17.0,2.0,9.0,6.0,5.0,5.0,9.0,7.0,8.0,9.0,8.0,9.0,931.83,931.12,0.1,0.0,0.0,SAEG_Vanderhoof
2021-06-13 04:00:00,IVANDE4,America/Vancouver,2021-06-13T10:59:46Z,2021-06-13 03:59:46,1623581986.0,54.054316,-124.025747,0.0,0.0,102.0,85.0,75.0,80.0,-1.0,10.0,9.0,9.0,7.0,2.0,4.0,9.0,2.0,5.0,7.0,5.0,6.0,10.0,8.0,9.0,10.0,9.0,9.0,931.63,931.02,0.31,0.0,0.0,SAEG_Vanderhoof
2021-06-13 03:00:00,IVANDE4,America/Vancouver,2021-06-13T09:59:50Z,2021-06-13 02:59:50,1623578390.0,54.054316,-124.025747,0.0,0.0,36.0,85.0,78.0,82.0,-1.0,9.0,9.0,9.0,4.0,0.0,0.0,5.0,0.0,1.0,7.0,5.0,6.0,9.0,9.0,9.0,9.0,9.0,9.0,931.53,930.92,-0.51,0.0,0.0,SAEG_Vanderhoof
2021-06-13 02:00:00,IVANDE4,America/Vancouver,2021-06-13T08:59:54Z,2021-06-13 01:59:54,1623574794.0,54.054316,-124.025747,0.0,0.0,37.0,85.0,76.0,81.0,-1.0,10.0,9.0,10.0,5.0,0.0,2.0,7.0,0.0,3.0,7.0,6.0,7.0,10.0,9.0,10.0,10.0,9.0,10.0,932.34,931.43,-0.72,0.0,0.0,SAEG_Vanderhoof
2021-06-13 01:00:00,IVANDE4,America/Vancouver,2021-06-13T07:59:58Z,2021-06-13 00:59:58,1623571198.0,54.054316,-124.025747,0.0,0.0,103.0,82.0,73.0,78.0,-1.0,12.0,10.0,11.0,5.0,0.0,1.0,5.0,0.0,1.0,8.0,7.0,7.0,12.0,10.0,11.0,12.0,10.0,11.0,933.12,932.14,-0.68,0.0,0.0,SAEG_Vanderhoof
2021-06-13 00:00:00,IVANDE4,America/Vancouver,2021-06-14T06:59:55Z,2021-06-13 23:59:55,1623653995.0,54.054316,-124.025747,0.0,0.0,15.0,81.0,70.0,74.0,-1.0,15.0,12.0,14.0,9.0,0.0,4.0,11.0,0.0,5.0,10.0,9.0,9.0,15.0,12.0,14.0,15.0,12.0,14.0,930.92,930.04,0.68,0.0,0.2,SAEG_Vanderhoof
2021-06-14 06:00:00,IREGIO82,America/Vancouver,2021-06-14T13:04:37Z,2021-06-14 06:04:37,1623675877.0,54.776903,-122.49792,33.39,0.0,204.0,96.0,95.0,95.0,-1.0,9.0,9.0,9.0,2.0,0.0,0.0,2.0,0.0,1.0,8.0,8.0,8.0,9.0,9.0,9.0,9.0,9.0,9.0,922.22,922.01,1.47,0.0,2.01,SAEG_Parsnip
2021-06-14 05:00:00,IREGIO82,America/Vancouver,2021-06-14T11:59:31Z,2021-06-14 04:59:31,1623671971.0,54.776903,-122.49792,4.28,0.0,204.0,96.0,95.0,95.0,-1.0,9.0,8.0,8.0,3.0,0.0,0.0,4.0,0.0,1.0,8.0,7.0,8.0,9.0,8.0,8.0,9.0,8.0,8.0,922.32,921.71,-0.21,0.0,1.7,SAEG_Parsnip
2021-06-14 04:00:00,IREGIO82,America/Vancouver,2021-06-14T10:59:35Z,2021-06-14 03:59:35,1623668375.0,54.776903,-122.49792,0.0,0.0,204.0,95.0,94.0,94.0,-1.0,10.0,9.0,9.0,4.0,0.0,0.0,4.0,0.0,0.0,9.0,8.0,8.0,10.0,9.0,9.0,10.0,9.0,9.0,922.42,922.01,-0.31,0.0,1.7,SAEG_Parsnip
2021-06-14 03:00:00,IREGIO82,America/Vancouver,2021-06-14T09:59:39Z,2021-06-14 02:59:39,1623664779.0,54.776903,-122.49792,0.0,0.0,259.0,94.0,83.0,90.0,-1.0,12.0,10.0,11.0,6.0,0.0,1.0,9.0,0.0,2.0,10.0,9.0,9.0,12.0,10.0,11.0,12.0,10.0,11.0,922.62,922.11,0.1,10.21,1.7,SAEG_Parsnip
2021-06-14 02:00:00,IREGIO82,America/Vancouver,2021-06-14T08:59:43Z,2021-06-14 01:59:43,1623661183.0,54.776903,-122.49792,0.0,0.0,336.0,84.0,82.0,83.0,-1.0,12.0,12.0,12.0,5.0,0.0,3.0,7.0,0.0,4.0,9.0,9.0,9.0,12.0,12.0,12.0,12.0,12.0,12.0,922.42,921.81,0.1,0.0,0.0,SAEG_Parsnip
2021-06-14 01:00:00,IREGIO82,America/Vancouver,2021-06-14T07:59:47Z,2021-06-14 00:59:47,1623657587.0,54.776903,-122.49792,0.0,0.0,332.0,83.0,81.0,82.0,-1.0,12.0,12.0,12.0,8.0,0.0,3.0,9.0,0.0,4.0,9.0,9.0,9.0,12.0,12.0,12.0,12.0,12.0,12.0,922.22,921.81,0.21,0.0,0.0,SAEG_Parsnip
2021-06-13 23:00:00,IREGIO82,America/Vancouver,2021-06-14T05:59:55Z,2021-06-13 22:59:55,1623650395.0,54.776903,-122.49792,0.0,0.0,319.0,77.0,71.0,74.0,-1.0,14.0,13.0,13.0,11.0,1.0,6.0,15.0,2.0,7.0,9.0,8.0,9.0,14.0,13.0,13.0,14.0,13.0,13.0,922.52,921.81,0.62,0.0,0.3,SAEG_Parsnip
2021-06-13 22:00:00,IREGIO82,America/Vancouver,2021-06-14T04:59:59Z,2021-06-13 21:59:59,1623646799.0,54.776903,-122.49792,4.77,0.0,303.0,71.0,62.0,67.0,-1.0,15.0,14.0,14.0,15.0,1.0,8.0,20.0,2.0,10.0,9.0,8.0,8.0,15.0,14.0,14.0,15.0,14.0,14.0,922.11,921.33,0.68,0.0,0.3,SAEG_Parsnip
2021-06-13 21:00:00,IREGIO82,America/Vancouver,2021-06-14T03:59:32Z,2021-06-13 20:59:32,1623643172.0,54.776903,-122.49792,72.42,0.0,135.0,76.0,52.0,64.0,-1.0,18.0,15.0,16.0,15.0,0.0,5.0,18.0,0.0,6.0,11.0,7.0,9.0,18.0,15.0,16.0,18.0,15.0,16.0,921.44,920.22,1.03,0.0,0.3,SAEG_Parsnip
2021-06-13 20:00:00,IREGIO82,America/Vancouver,2021-06-14T02:59:36Z,2021-06-13 19:59:36,1623639576.0,54.776903,-122.49792,207.36,2.0,124.0,57.0,47.0,49.0,-1.0,20.0,18.0,19.0,26.0,1.0,11.0,31.0,2.0,14.0,9.0,7.0,9.0,20.0,18.0,19.0,20.0,18.0,19.0,920.83,919.44,0.92,0.0,0.3,SAEG_Parsnip
2021-06-13 19:00:00,IREGIO82,America/Vancouver,2021-06-14T01:59:40Z,2021-06-13 18:59:40,1623635980.0,54.776903,-122.49792,318.81,3.0,116.0,49.0,47.0,48.0,-1.0,20.0,20.0,20.0,26.0,3.0,12.0,29.0,4.0,16.0,9.0,8.0,9.0,20.0,20.0,20.0,20.0,20.0,20.0,919.71,919.24,0.17,0.0,0.3,SAEG_Parsnip
2021-06-13 18:00:00,IREGIO82,America/Vancouver,2021-06-14T00:59:44Z,2021-06-13 17:59:44,1623632384.0,54.776903,-122.49792,602.99,5.0,115.0,48.0,46.0,47.0,-1.0,21.0,20.0,20.0,23.0,3.0,12.0,26.0,5.0,15.0,9.0,8.0,9.0,21.0,20.0,20.0,21.0,20.0,20.0,919.81,919.24,-0.38,0.0,0.3,SAEG_Parsnip
2021-06-13 17:00:00,IREGIO82,America/Vancouver,2021-06-13T23:59:48Z,2021-06-13 16:59:48,1623628788.0,54.776903,-122.49792,789.43,7.0,119.0,49.0,45.0,46.0,-1.0,21.0,19.0,20.0,25.0,3.0,13.0,29.0,5.0,16.0,9.0,7.0,8.0,21.0,19.0,20.0,21.0,19.0,20.0,920.42,919.54,-0.72,0.0,0.3,SAEG_Parsnip
2021-06-13 16:00:00,IREGIO82,America/Vancouver,2021-06-13T22:59:52Z,2021-06-13 15:59:52,1623625192.0,54.776903,-122.49792,923.15,8.0,123.0,50.0,44.0,47.0,-1.0,20.0,19.0,19.0,21.0,5.0,12.0,29.0,7.0,16.0,8.0,7.0,8.0,20.0,19.0,19.0,20.0,19.0,19.0,920.62,920.01,-0.1,0.0,0.3,SAEG_Parsnip
2021-06-13 15:00:00,IREGIO82,America/Vancouver,2021-06-13T21:59:56Z,2021-06-13 14:59:56,1623621596.0,54.776903,-122.49792,939.54,9.0,133.0,53.0,45.0,50.0,-1.0,20.0,18.0,18.0,22.0,1.0,10.0,26.0,2.0,13.0,9.0,7.0,8.0,20.0,18.0,18.0,20.0,18.0,18.0,920.83,920.42,-0.31,0.0,0.3,SAEG_Parsnip
2021-06-13 14:00:00,IREGIO82,America/Vancouver,2021-06-13T20:59:29Z,2021-06-13 13:59:29,1623617969.0,54.776903,-122.49792,922.29,8.0,143.0,56.0,51.0,53.0,-1.0,18.0,17.0,17.0,29.0,3.0,13.0,33.0,4.0,16.0,9.0,8.0,8.0,18.0,17.0,17.0,18.0,17.0,17.0,921.03,920.52,-0.21,0.0,0.3,SAEG_Parsnip
2021-06-13 13:00:00,IREGIO82,America/Vancouver,2021-06-13T19:59:33Z,2021-06-13 12:59:33,1623614373.0,54.776903,-122.49792,1054.17,10.0,118.0,58.0,53.0,55.0,-1.0,17.0,15.0,17.0,24.0,3.0,13.0,29.0,5.0,17.0,9.0,7.0,8.0,17.0,15.0,17.0,17.0,15.0,17.0,921.23,920.62,-0.41,0.0,0.3,SAEG_Parsnip
2021-06-13 12:00:00,IREGIO82,America/Vancouver,2021-06-13T18:59:37Z,2021-06-13 11:59:37,1623610777.0,54.776903,-122.49792,385.6,3.0,112.0,63.0,58.0,60.0,-1.0,15.0,14.0,15.0,14.0,1.0,8.0,20.0,2.0,11.0,8.0,7.0,7.0,15.0,14.0,15.0,15.0,14.0,15.0,921.44,920.93,-0.1,0.0,0.3,SAEG_Parsnip
2021-06-13 11:00:00,IREGIO82,America/Vancouver,2021-06-13T17:59:41Z,2021-06-13 10:59:41,1623607181.0,54.776903,-122.49792,584.77,5.0,41.0,77.0,59.0,70.0,-1.0,15.0,12.0,13.0,17.0,0.0,4.0,22.0,0.0,6.0,8.0,7.0,8.0,15.0,12.0,13.0,15.0,12.0,13.0,922.01,921.23,-0.79,0.0,0.3,SAEG_Parsnip
2021-06-13 10:00:00,IREGIO82,America/Vancouver,2021-06-13T16:59:45Z,2021-06-13 09:59:45,1623603585.0,54.776903,-122.49792,370.43,3.0,342.0,91.0,74.0,84.0,-1.0,12.0,9.0,10.0,4.0,0.0,2.0,5.0,0.0,2.0,8.0,7.0,7.0,12.0,9.0,10.0,12.0,9.0,10.0,922.42,921.71,-0.41,0.0,0.3,SAEG_Parsnip
2021-06-13 09:00:00,IREGIO82,America/Vancouver,2021-06-13T15:59:49Z,2021-06-13 08:59:49,1623599989.0,54.776903,-122.49792,107.04,1.0,19.0,93.0,89.0,91.0,-1.0,9.0,8.0,8.0,6.0,0.0,1.0,7.0,0.0,2.0,7.0,6.0,7.0,9.0,7.0,8.0,9.0,8.0,8.0,922.72,922.11,-0.62,1.8,0.3,SAEG_Parsnip
2021-06-13 08:00:00,IREGIO82,America/Vancouver,2021-06-13T14:59:53Z,2021-06-13 07:59:53,1623596393.0,54.776903,-122.49792,36.82,0.0,118.0,88.0,78.0,82.0,-1.0,9.0,8.0,9.0,6.0,0.0,2.0,7.0,0.0,3.0,7.0,5.0,6.0,9.0,8.0,9.0,9.0,8.0,9.0,923.23,922.52,-0.31,0.0,0.0,SAEG_Parsnip
2021-06-13 07:00:00,IREGIO82,America/Vancouver,2021-06-13T13:59:56Z,2021-06-13 06:59:56,1623592796.0,54.776903,-122.49792,20.31,0.0,134.0,84.0,76.0,79.0,-1.0,9.0,7.0,8.0,12.0,1.0,7.0,15.0,2.0,8.0,5.0,4.0,5.0,9.0,6.0,7.0,9.0,7.0,8.0,923.23,922.62,0.31,0.0,0.0,SAEG_Parsnip
2021-06-13 06:00:00,IREGIO82,America/Vancouver,2021-06-13T12:59:29Z,2021-06-13 05:59:29,1623589169.0,54.776903,-122.49792,22.02,0.0,93.0,94.0,83.0,90.0,-1.0,7.0,5.0,6.0,10.0,0.0,2.0,11.0,0.0,2.0,5.0,4.0,4.0,7.0,5.0,6.0,7.0,5.0,6.0,922.93,922.32,0.62,0.0,0.0,SAEG_Parsnip
2021-06-13 05:00:00,IREGIO82,America/Vancouver,2021-06-13T11:59:33Z,2021-06-13 04:59:33,1623585573.0,54.776903,-122.49792,5.14,0.0,40.0,96.0,93.0,94.0,-1.0,5.0,4.0,5.0,4.0,0.0,0.0,4.0,0.0,0.0,5.0,3.0,4.0,5.0,4.0,5.0,5.0,4.0,5.0,922.52,922.01,0.41,0.0,0.0,SAEG_Parsnip
2021-06-13 04:00:00,IREGIO82,America/Vancouver,2021-06-13T10:59:37Z,2021-06-13 03:59:37,1623581977.0,54.776903,-122.49792,0.0,0.0,33.0,95.0,93.0,94.0,-1.0,5.0,4.0,5.0,3.0,0.0,0.0,4.0,0.0,1.0,4.0,3.0,4.0,5.0,4.0,5.0,5.0,4.0,5.0,922.62,921.91,0.21,0.0,0.0,SAEG_Parsnip
2021-06-13 03:00:00,IREGIO82,America/Vancouver,2021-06-13T09:59:41Z,2021-06-13 02:59:41,1623578381.0,54.776903,-122.49792,0.0,0.0,25.0,95.0,93.0,94.0,-1.0,6.0,5.0,6.0,3.0,0.0,0.0,4.0,0.0,0.0,5.0,4.0,5.0,6.0,5.0,6.0,6.0,5.0,6.0,922.32,921.81,-0.1,0.0,0.0,SAEG_Parsnip
2021-06-13 02:00:00,IREGIO82,America/Vancouver,2021-06-13T08:59:45Z,2021-06-13 01:59:45,1623574785.0,54.776903,-122.49792,0.0,0.0,6.0,94.0,92.0,93.0,-1.0,7.0,6.0,7.0,4.0,0.0,0.0,5.0,0.0,0.0,6.0,5.0,6.0,7.0,6.0,7.0,7.0,6.0,7.0,922.72,922.01,-0.62,0.0,0.0,SAEG_Parsnip
2021-06-13 01:00:00,IREGIO82,America/Vancouver,2021-06-13T07:59:49Z,2021-06-13 00:59:49,1623571189.0,54.776903,-122.49792,0.0,0.0,335.0,93.0,90.0,91.0,-1.0,8.0,7.0,8.0,4.0,0.0,1.0,5.0,0.0,1.0,7.0,6.0,6.0,8.0,7.0,8.0,8.0,7.0,8.0,923.43,922.72,-0.51,0.0,0.0,SAEG_Parsnip
2021-06-13 00:00:00,IREGIO82,America/Vancouver,2021-06-14T06:59:51Z,2021-06-13 23:59:51,1623653991.0,54.776903,-122.49792,0.0,0.0,336.0,82.0,77.0,80.0,-1.0,13.0,12.0,12.0,11.0,0.0,5.0,13.0,0.0,6.0,9.0,9.0,9.0,13.0,12.0,12.0,13.0,12.0,12.0,922.52,921.71,-0.1,0.0,0.0,SAEG_Parsnip
2021-06-14 06:00:00,IREGIO61,America/Vancouver,2021-06-14T13:02:53Z,2021-06-14 06:02:53,1623675773.0,54.653556,-122.752946,37.68,0.0,58.0,93.0,93.0,93.0,-1.0,10.0,10.0,10.0,0.0,0.0,0.0,0.0,0.0,0.0,9.0,9.0,9.0,10.0,10.0,10.0,10.0,10.0,10.0,928.11,928.11,,0.0,0.0,SAEG_Crooked
2021-06-14 05:00:00,IREGIO61,America/Vancouver,2021-06-14T11:57:53Z,2021-06-14 04:57:53,1623671873.0,54.653556,-122.752946,2.94,0.0,58.0,93.0,92.0,92.0,-1.0,10.0,10.0,10.0,0.0,0.0,0.0,2.0,0.0,0.0,9.0,9.0,9.0,10.0,10.0,10.0,10.0,10.0,10.0,928.51,927.8,-0.11,0.0,0.0,SAEG_Crooked
2021-06-14 04:00:00,IREGIO61,America/Vancouver,2021-06-14T10:57:53Z,2021-06-14 03:57:53,1623668273.0,54.653556,-122.752946,0.0,0.0,58.0,94.0,89.0,91.0,-1.0,11.0,9.0,10.0,0.0,0.0,0.0,0.0,0.0,0.0,9.0,8.0,9.0,11.0,9.0,10.0,11.0,9.0,10.0,928.72,928.31,0.11,0.0,0.0,SAEG_Crooked
2021-06-14 03:00:00,IREGIO61,America/Vancouver,2021-06-14T09:57:53Z,2021-06-14 02:57:53,1623664673.0,54.653556,-122.752946,0.0,0.0,58.0,90.0,87.0,88.0,-1.0,11.0,11.0,11.0,1.0,0.0,0.0,2.0,0.0,0.0,9.0,9.0,9.0,11.0,11.0,11.0,11.0,11.0,11.0,928.89,928.51,0.11,0.0,0.0,SAEG_Crooked
2021-06-14 02:00:00,IREGIO61,America/Vancouver,2021-06-14T08:57:53Z,2021-06-14 01:57:53,1623661073.0,54.653556,-122.752946,0.0,0.0,62.0,87.0,84.0,85.0,-1.0,12.0,11.0,12.0,4.0,0.0,2.0,5.0,0.0,2.0,9.0,9.0,9.0,12.0,11.0,12.0,12.0,11.0,12.0,928.78,928.21,0.22,0.0,0.0,SAEG_Crooked
2021-06-14 01:00:00,IREGIO61,America/Vancouver,2021-06-14T07:57:53Z,2021-06-14 00:57:53,1623657473.0,54.653556,-122.752946,0.0,0.0,74.0,86.0,83.0,84.0,-1.0,12.0,11.0,12.0,4.0,0.0,1.0,5.0,0.0,2.0,9.0,9.0,9.0,12.0,11.0,12.0,12.0,11.0,12.0,928.51,928.01,0.44,0.0,0.0,SAEG_Crooked
2021-06-13 23:00:00,IREGIO61,America/Vancouver,2021-06-14T05:57:54Z,2021-06-13 22:57:54,1623650274.0,54.653556,-122.752946,0.0,0.0,78.0,79.0,74.0,76.0,-1.0,14.0,13.0,13.0,5.0,0.0,3.0,5.0,2.0,4.0,9.0,9.0,9.0,14.0,13.0,13.0,14.0,13.0,13.0,928.62,928.01,0.22,0.0,0.0,SAEG_Crooked
2021-06-13 22:00:00,IREGIO61,America/Vancouver,2021-06-14T04:57:54Z,2021-06-13 21:57:54,1623646674.0,54.653556,-122.752946,8.19,0.0,81.0,75.0,68.0,71.0,-1.0,16.0,14.0,15.0,7.0,0.0,1.0,9.0,0.0,2.0,10.0,9.0,10.0,16.0,14.0,15.0,16.0,14.0,15.0,928.21,927.19,1.11,0.0,0.0,SAEG_Crooked
2021-06-13 21:00:00,IREGIO61,America/Vancouver,2021-06-14T03:57:54Z,2021-06-13 20:57:54,1623643074.0,54.653556,-122.752946,62.88,0.0,220.0,77.0,70.0,73.0,-1.0,16.0,15.0,16.0,0.0,0.0,0.0,2.0,0.0,0.0,12.0,10.0,11.0,16.0,15.0,16.0,16.0,15.0,16.0,927.29,926.58,0.66,0.0,0.25,SAEG_Crooked
2021-06-13 20:00:00,IREGIO61,America/Vancouver,2021-06-14T02:57:54Z,2021-06-13 19:57:54,1623639474.0,54.653556,-122.752946,106.68,1.0,301.0,73.0,53.0,62.0,-1.0,20.0,16.0,18.0,6.0,0.0,2.0,9.0,0.0,3.0,11.0,10.0,10.0,20.0,16.0,18.0,20.0,16.0,18.0,926.99,925.91,0.85,0.0,0.25,SAEG_Crooked
2021-06-13 19:00:00,IREGIO61,America/Vancouver,2021-06-14T01:57:54Z,2021-06-13 18:57:54,1623635874.0,54.653556,-122.752946,166.13,1.0,34.0,59.0,56.0,57.0,-1.0,20.0,20.0,20.0,6.0,1.0,3.0,7.0,2.0,4.0,12.0,11.0,11.0,20.0,20.0,20.0,20.0,20.0,20.0,926.31,925.91,-0.22,0.0,0.25,SAEG_Crooked
2021-06-13 18:00:00,IREGIO61,America/Vancouver,2021-06-14T00:57:54Z,2021-06-13 17:57:54,1623632274.0,54.653556,-122.752946,271.95,2.0,20.0,60.0,53.0,57.0,-1.0,21.0,20.0,20.0,14.0,0.0,3.0,18.0,0.0,5.0,12.0,11.0,12.0,21.0,20.0,20.0,21.0,20.0,20.0,927.09,926.11,-0.63,0.0,0.25,SAEG_Crooked
2021-06-13 17:00:00,IREGIO61,America/Vancouver,2021-06-13T23:57:54Z,2021-06-13 16:57:54,1623628674.0,54.653556,-122.752946,716.16,6.0,235.0,58.0,52.0,54.0,-1.0,22.0,20.0,21.0,5.0,0.0,3.0,9.0,0.0,4.0,12.0,11.0,12.0,22.0,20.0,21.0,22.0,20.0,21.0,927.6,926.99,-0.55,0.0,0.25,SAEG_Crooked
2021-06-13 16:00:00,IREGIO61,America/Vancouver,2021-06-13T22:57:54Z,2021-06-13 15:57:54,1623625074.0,54.653556,-122.752946,725.33,7.0,41.0,58.0,54.0,55.0,-1.0,20.0,19.0,20.0,9.0,1.0,5.0,13.0,2.0,7.0,11.0,10.0,11.0,20.0,19.0,20.0,20.0,19.0,20.0,928.31,927.19,-1.22,0.0,0.25,SAEG_Crooked
2021-06-13 15:00:00,IREGIO61,America/Vancouver,2021-06-13T21:57:54Z,2021-06-13 14:57:54,1623621474.0,54.653556,-122.752946,936.61,9.0,47.0,62.0,51.0,56.0,-1.0,21.0,18.0,20.0,15.0,1.0,5.0,20.0,4.0,7.0,12.0,10.0,11.0,21.0,18.0,20.0,21.0,18.0,20.0,928.62,927.7,0.44,0.0,0.25,SAEG_Crooked
2021-06-13 14:00:00,IREGIO61,America/Vancouver,2021-06-13T20:57:54Z,2021-06-13 13:57:54,1623617874.0,54.653556,-122.752946,989.08,9.0,81.0,62.0,55.0,59.0,-1.0,20.0,18.0,19.0,7.0,1.0,4.0,9.0,2.0,5.0,12.0,11.0,11.0,20.0,18.0,19.0,20.0,18.0,19.0,928.89,928.11,-0.66,0.0,0.25,SAEG_Crooked
2021-06-13 13:00:00,IREGIO61,America/Vancouver,2021-06-13T19:57:54Z,2021-06-13 12:57:54,1623614274.0,54.653556,-122.752946,1107.02,10.0,76.0,67.0,55.0,60.0,-1.0,21.0,16.0,18.0,8.0,0.0,3.0,17.0,0.0,5.0,12.0,9.0,11.0,21.0,16.0,18.0,21.0,16.0,18.0,929.19,927.4,1.74,0.0,0.25,SAEG_Crooked
2021-06-13 12:00:00,IREGIO61,America/Vancouver,2021-06-13T18:57:54Z,2021-06-13 11:57:54,1623610674.0,54.653556,-122.752946,247.61,2.0,151.0,72.0,64.0,66.0,-1.0,16.0,15.0,16.0,5.0,0.0,2.0,9.0,0.0,3.0,10.0,9.0,9.0,16.0,15.0,16.0,16.0,15.0,16.0,927.7,927.4,0.0,0.0,0.25,SAEG_Crooked
2021-06-13 11:00:00,IREGIO61,America/Vancouver,2021-06-13T17:57:54Z,2021-06-13 10:57:54,1623607074.0,54.653556,-122.752946,415.08,4.0,126.0,68.0,64.0,65.0,-1.0,16.0,15.0,16.0,10.0,0.0,4.0,17.0,0.0,5.0,10.0,9.0,9.0,16.0,15.0,16.0,16.0,15.0,16.0,928.78,927.8,-0.66,0.0,0.25,SAEG_Crooked
2021-06-13 10:00:00,IREGIO61,America/Vancouver,2021-06-13T16:57:54Z,2021-06-13 09:57:54,1623603474.0,54.653556,-122.752946,377.77,3.0,230.0,91.0,69.0,81.0,-1.0,15.0,11.0,13.0,4.0,0.0,2.0,5.0,0.0,2.0,10.0,9.0,10.0,15.0,11.0,13.0,15.0,11.0,13.0,928.41,927.7,0.55,0.0,0.25,SAEG_Crooked
2021-06-13 09:00:00,IREGIO61,America/Vancouver,2021-06-13T15:57:54Z,2021-06-13 08:57:54,1623599874.0,54.653556,-122.752946,118.42,1.0,264.0,94.0,90.0,91.0,-1.0,10.0,9.0,10.0,1.0,0.0,0.0,4.0,0.0,1.0,9.0,8.0,9.0,10.0,9.0,10.0,10.0,9.0,10.0,928.72,927.9,-0.89,0.0,0.25,SAEG_Crooked
2021-06-13 08:00:00,IREGIO61,America/Vancouver,2021-06-13T14:57:54Z,2021-06-13 07:57:54,1623596274.0,54.653556,-122.752946,78.05,0.0,264.0,96.0,92.0,93.0,-1.0,9.0,9.0,9.0,1.0,0.0,0.0,4.0,0.0,0.0,9.0,8.0,8.0,9.0,9.0,9.0,9.0,9.0,9.0,928.89,928.62,0.07,1.27,0.25,SAEG_Crooked
2021-06-13 07:00:00,IREGIO61,America/Vancouver,2021-06-13T13:57:54Z,2021-06-13 06:57:54,1623592674.0,54.653556,-122.752946,68.02,0.0,264.0,97.0,93.0,95.0,-1.0,9.0,7.0,8.0,0.0,0.0,0.0,0.0,0.0,0.0,8.0,7.0,8.0,9.0,7.0,8.0,9.0,7.0,8.0,929.39,928.78,-0.55,0.0,0.0,SAEG_Crooked
2021-06-13 06:00:00,IREGIO61,America/Vancouver,2021-06-13T12:57:54Z,2021-06-13 05:57:54,1623589074.0,54.653556,-122.752946,22.51,0.0,264.0,97.0,95.0,96.0,-1.0,7.0,6.0,6.0,0.0,0.0,0.0,0.0,0.0,0.0,7.0,5.0,6.0,7.0,6.0,6.0,7.0,6.0,6.0,929.6,928.89,0.33,0.0,0.0,SAEG_Crooked
2021-06-13 05:00:00,IREGIO61,America/Vancouver,2021-06-13T11:57:54Z,2021-06-13 04:57:54,1623585474.0,54.653556,-122.752946,4.77,0.0,264.0,98.0,96.0,97.0,-1.0,6.0,6.0,6.0,0.0,0.0,0.0,0.0,0.0,0.0,6.0,5.0,6.0,6.0,6.0,6.0,6.0,6.0,6.0,929.19,928.72,-0.11,0.0,0.0,SAEG_Crooked
2021-06-13 04:00:00,IREGIO61,America/Vancouver,2021-06-13T10:57:54Z,2021-06-13 03:57:54,1623581874.0,54.653556,-122.752946,0.0,0.0,264.0,97.0,94.0,96.0,-1.0,6.0,6.0,6.0,0.0,0.0,0.0,0.0,0.0,0.0,6.0,5.0,6.0,6.0,6.0,6.0,6.0,6.0,6.0,928.99,928.72,0.0,0.0,0.0,SAEG_Crooked
2021-06-13 03:00:00,IREGIO61,America/Vancouver,2021-06-13T09:57:54Z,2021-06-13 02:57:54,1623578274.0,54.653556,-122.752946,0.0,0.0,264.0,97.0,93.0,95.0,-1.0,7.0,6.0,6.0,0.0,0.0,0.0,0.0,0.0,0.0,6.0,5.0,6.0,7.0,6.0,6.0,7.0,6.0,6.0,928.89,928.72,0.0,0.0,0.0,SAEG_Crooked
2021-06-13 02:00:00,IREGIO61,America/Vancouver,2021-06-13T08:57:54Z,2021-06-13 01:57:54,1623574674.0,54.653556,-122.752946,0.0,0.0,264.0,94.0,89.0,91.0,-1.0,8.0,7.0,8.0,0.0,0.0,0.0,0.0,0.0,0.0,7.0,6.0,7.0,8.0,7.0,8.0,8.0,7.0,8.0,929.19,928.72,-0.11,0.0,0.0,SAEG_Crooked
2021-06-13 01:00:00,IREGIO61,America/Vancouver,2021-06-13T07:57:54Z,2021-06-13 00:57:54,1623571074.0,54.653556,-122.752946,0.0,0.0,265.0,90.0,86.0,88.0,-1.0,9.0,8.0,8.0,0.0,0.0,0.0,0.0,0.0,0.0,7.0,6.0,6.0,9.0,8.0,8.0,9.0,8.0,8.0,930.0,929.39,-0.44,0.0,0.0,SAEG_Crooked
2021-06-13 00:00:00,IREGIO61,America/Vancouver,2021-06-14T06:57:53Z,2021-06-13 23:57:53,1623653873.0,54.653556,-122.752946,0.0,0.0,130.0,83.0,79.0,81.0,-1.0,13.0,12.0,12.0,4.0,0.0,2.0,5.0,0.0,3.0,9.0,9.0,9.0,13.0,12.0,12.0,13.0,12.0,12.0,928.72,928.31,-0.33,0.0,0.0,SAEG_Crooked
2021-06-14 06:00:00,IBULKL8,America/Vancouver,2021-06-14T13:01:41Z,2021-06-14 06:01:41,1623675701.0,54.174476,-123.683109,26.42,0.0,67.0,89.0,89.0,89.0,-1.0,11.0,11.0,11.0,0.0,0.0,0.0,0.0,0.0,0.0,9.0,9.0,9.0,11.0,11.0,11.0,11.0,11.0,11.0,914.9,914.9,,0.0,0.0,SAEG_Stuart
2021-06-14 05:00:00,IBULKL8,America/Vancouver,2021-06-14T11:56:41Z,2021-06-14 04:56:41,1623671801.0,54.174476,-123.683109,0.36,0.0,3.0,88.0,86.0,87.0,-1.0,11.0,11.0,11.0,6.0,0.0,4.0,7.0,0.0,5.0,9.0,9.0,9.0,11.0,11.0,11.0,11.0,11.0,11.0,914.49,914.19,0.0,0.0,0.0,SAEG_Stuart
2021-06-14 04:00:00,IBULKL8,America/Vancouver,2021-06-14T10:56:41Z,2021-06-14 03:56:41,1623668201.0,54.174476,-123.683109,0.0,0.0,343.0,85.0,82.0,83.0,-1.0,11.0,11.0,11.0,8.0,3.0,5.0,9.0,5.0,7.0,8.0,8.0,8.0,11.0,11.0,11.0,11.0,11.0,11.0,914.7,914.29,-0.44,0.0,0.0,SAEG_Stuart
2021-06-14 03:00:00,IBULKL8,America/Vancouver,2021-06-14T09:56:41Z,2021-06-14 02:56:41,1623664601.0,54.174476,-123.683109,0.0,0.0,324.0,85.0,82.0,83.0,-1.0,11.0,10.0,11.0,8.0,4.0,6.0,9.0,4.0,7.0,8.0,8.0,8.0,11.0,10.0,11.0,11.0,10.0,11.0,915.1,914.49,-0.22,0.0,0.0,SAEG_Stuart
2021-06-14 02:00:00,IBULKL8,America/Vancouver,2021-06-14T08:56:41Z,2021-06-14 01:56:41,1623661001.0,54.174476,-123.683109,0.0,0.0,313.0,85.0,82.0,83.0,-1.0,11.0,10.0,11.0,9.0,4.0,7.0,11.0,5.0,9.0,8.0,8.0,8.0,11.0,10.0,11.0,11.0,10.0,11.0,914.9,914.6,0.22,0.0,0.0,SAEG_Stuart
2021-06-14 01:00:00,IBULKL8,America/Vancouver,2021-06-14T07:56:41Z,2021-06-14 00:56:41,1623657401.0,54.174476,-123.683109,0.0,0.0,314.0,83.0,80.0,81.0,-1.0,12.0,12.0,12.0,14.0,3.0,9.0,17.0,4.0,10.0,9.0,9.0,9.0,12.0,12.0,12.0,12.0,12.0,12.0,914.6,914.09,-0.11,0.0,0.0,SAEG_Stuart
2021-06-13 23:00:00,IBULKL8,America/Vancouver,2021-06-14T05:56:40Z,2021-06-13 22:56:40,1623650200.0,54.174476,-123.683109,0.0,0.0,315.0,78.0,74.0,75.0,-1.0,15.0,13.0,14.0,7.0,0.0,4.0,7.0,0.0,6.0,11.0,9.0,10.0,15.0,13.0,14.0,15.0,13.0,14.0,913.82,913.31,0.22,0.0,0.0,SAEG_Stuart
2021-06-13 22:00:00,IBULKL8,America/Vancouver,2021-06-14T04:56:40Z,2021-06-13 21:56:40,1623646600.0,54.174476,-123.683109,18.11,0.0,353.0,73.0,64.0,68.0,-1.0,17.0,15.0,16.0,10.0,1.0,5.0,13.0,2.0,6.0,11.0,10.0,10.0,17.0,15.0,16.0,17.0,15.0,16.0,913.31,912.39,0.55,0.0,0.0,SAEG_Stuart
2021-06-13 21:00:00,IBULKL8,America/Vancouver,2021-06-14T03:56:40Z,2021-06-13 20:56:40,1623643000.0,54.174476,-123.683109,67.65,0.0,62.0,64.0,59.0,61.0,-1.0,18.0,18.0,18.0,9.0,3.0,6.0,11.0,5.0,8.0,11.0,10.0,10.0,18.0,18.0,18.0,18.0,18.0,18.0,912.39,911.62,0.85,0.0,0.0,SAEG_Stuart
2021-06-13 20:00:00,IBULKL8,America/Vancouver,2021-06-14T02:56:40Z,2021-06-13 19:56:40,1623639400.0,54.174476,-123.683109,116.58,1.0,63.0,61.0,58.0,59.0,-1.0,19.0,18.0,18.0,13.0,4.0,9.0,24.0,7.0,12.0,11.0,10.0,10.0,19.0,18.0,18.0,19.0,18.0,18.0,911.72,911.21,0.55,0.0,0.0,SAEG_Stuart
2021-06-13 19:00:00,IBULKL8,America/Vancouver,2021-06-14T01:56:40Z,2021-06-13 18:56:40,1623635800.0,54.174476,-123.683109,430.25,4.0,69.0,58.0,54.0,56.0,-1.0,21.0,18.0,19.0,21.0,12.0,15.0,28.0,15.0,19.0,11.0,10.0,11.0,21.0,18.0,19.0,21.0,18.0,19.0,911.21,910.7,0.44,0.0,0.0,SAEG_Stuart
2021-06-13 18:00:00,IBULKL8,America/Vancouver,2021-06-14T00:56:40Z,2021-06-13 17:56:40,1623632200.0,54.174476,-123.683109,590.76,5.0,65.0,57.0,52.0,54.0,-1.0,21.0,20.0,20.0,22.0,10.0,16.0,35.0,11.0,19.0,12.0,10.0,11.0,21.0,20.0,20.0,21.0,20.0,20.0,911.01,910.5,0.0,0.0,0.0,SAEG_Stuart
2021-06-13 17:00:00,IBULKL8,America/Vancouver,2021-06-13T23:56:40Z,2021-06-13 16:56:40,1623628600.0,54.174476,-123.683109,871.03,8.0,73.0,60.0,51.0,55.0,-1.0,21.0,19.0,20.0,19.0,9.0,13.0,26.0,9.0,17.0,12.0,9.0,11.0,21.0,19.0,20.0,21.0,19.0,20.0,911.62,910.9,-0.11,0.0,0.0,SAEG_Stuart
2021-06-13 16:00:00,IBULKL8,America/Vancouver,2021-06-13T22:51:40Z,2021-06-13 15:51:40,1623624700.0,54.174476,-123.683109,982.48,9.0,79.0,55.0,49.0,52.0,-1.0,21.0,19.0,20.0,19.0,5.0,11.0,22.0,7.0,14.0,11.0,9.0,10.0,21.0,19.0,20.0,21.0,19.0,20.0,911.79,911.31,-0.24,0.0,0.0,SAEG_Stuart
2021-06-13 15:00:00,IBULKL8,America/Vancouver,2021-06-13T21:56:40Z,2021-06-13 14:56:40,1623621400.0,54.174476,-123.683109,1075.34,10.0,72.0,60.0,52.0,56.0,-1.0,20.0,18.0,19.0,21.0,9.0,13.0,28.0,13.0,17.0,11.0,9.0,10.0,20.0,18.0,19.0,20.0,18.0,19.0,912.09,911.79,0.0,0.0,0.0,SAEG_Stuart
2021-06-13 14:00:00,IBULKL8,America/Vancouver,2021-06-13T20:56:40Z,2021-06-13 13:56:40,1623617800.0,54.174476,-123.683109,1045.0,10.0,62.0,60.0,56.0,58.0,-1.0,19.0,17.0,18.0,20.0,10.0,14.0,24.0,15.0,18.0,10.0,9.0,10.0,19.0,17.0,18.0,19.0,17.0,18.0,912.19,911.62,-0.52,0.0,0.0,SAEG_Stuart
2021-06-13 13:00:00,IBULKL8,America/Vancouver,2021-06-13T19:56:40Z,2021-06-13 12:56:40,1623614200.0,54.174476,-123.683109,1160.36,11.0,75.0,63.0,59.0,60.0,-1.0,18.0,17.0,17.0,21.0,9.0,14.0,28.0,11.0,18.0,10.0,9.0,10.0,18.0,17.0,17.0,18.0,17.0,17.0,912.29,911.89,-0.33,0.0,0.0,SAEG_Stuart
2021-06-13 12:00:00,IBULKL8,America/Vancouver,2021-06-13T18:56:40Z,2021-06-13 11:56:40,1623610600.0,54.174476,-123.683109,993.86,9.0,67.0,66.0,61.0,63.0,-1.0,17.0,16.0,16.0,17.0,8.0,13.0,24.0,9.0,17.0,10.0,9.0,9.0,17.0,16.0,16.0,17.0,16.0,16.0,912.6,912.09,-0.22,0.0,0.0,SAEG_Stuart
2021-06-13 11:00:00,IBULKL8,America/Vancouver,2021-06-13T17:56:40Z,2021-06-13 10:56:40,1623607000.0,54.174476,-123.683109,996.42,9.0,57.0,69.0,65.0,66.0,-1.0,16.0,15.0,15.0,21.0,6.0,14.0,26.0,11.0,18.0,9.0,9.0,9.0,16.0,15.0,15.0,16.0,15.0,15.0,912.8,912.29,-0.55,0.0,0.0,SAEG_Stuart
2021-06-13 10:00:00,IBULKL8,America/Vancouver,2021-06-13T16:56:40Z,2021-06-13 09:56:40,1623603400.0,54.174476,-123.683109,656.7,6.0,45.0,74.0,70.0,71.0,-1.0,14.0,13.0,14.0,14.0,5.0,10.0,18.0,7.0,14.0,9.0,8.0,9.0,14.0,13.0,14.0,14.0,13.0,14.0,913.21,912.8,-0.33,0.0,0.0,SAEG_Stuart
2021-06-13 09:00:00,IBULKL8,America/Vancouver,2021-06-13T15:56:40Z,2021-06-13 08:56:40,1623599800.0,54.174476,-123.683109,463.28,4.0,9.0,78.0,72.0,75.0,-1.0,13.0,11.0,11.0,17.0,5.0,8.0,22.0,5.0,12.0,8.0,7.0,7.0,13.0,11.0,11.0,13.0,11.0,11.0,914.19,913.11,-1.07,0.0,0.0,SAEG_Stuart
2021-06-13 08:00:00,IBULKL8,America/Vancouver,2021-06-13T14:56:40Z,2021-06-13 07:56:40,1623596200.0,54.174476,-123.683109,132.73,1.0,23.0,77.0,74.0,75.0,-1.0,11.0,10.0,10.0,9.0,3.0,6.0,13.0,4.0,8.0,7.0,6.0,6.0,11.0,10.0,10.0,11.0,10.0,10.0,914.7,914.29,0.0,0.0,0.0,SAEG_Stuart
2021-06-13 07:00:00,IBULKL8,America/Vancouver,2021-06-13T13:56:40Z,2021-06-13 06:56:40,1623592600.0,54.174476,-123.683109,72.79,0.0,52.0,75.0,69.0,71.0,-1.0,11.0,11.0,11.0,7.0,2.0,4.0,9.0,4.0,5.0,6.0,5.0,6.0,11.0,11.0,11.0,11.0,11.0,11.0,915.0,913.99,-0.44,0.0,0.0,SAEG_Stuart
2021-06-13 06:00:00,IBULKL8,America/Vancouver,2021-06-13T12:56:40Z,2021-06-13 05:56:40,1623589000.0,54.174476,-123.683109,32.05,0.0,71.0,73.0,68.0,70.0,-1.0,11.0,10.0,11.0,14.0,5.0,9.0,18.0,5.0,12.0,6.0,5.0,5.0,11.0,10.0,11.0,11.0,10.0,11.0,915.0,914.7,-0.11,0.0,0.0,SAEG_Stuart
2021-06-13 05:00:00,IBULKL8,America/Vancouver,2021-06-13T11:56:40Z,2021-06-13 04:56:40,1623585400.0,54.174476,-123.683109,2.08,0.0,55.0,79.0,73.0,75.0,-1.0,10.0,9.0,9.0,8.0,3.0,5.0,11.0,4.0,7.0,6.0,5.0,5.0,10.0,8.0,9.0,10.0,9.0,9.0,915.21,914.6,0.44,0.0,0.0,SAEG_Stuart
2021-06-13 04:00:00,IBULKL8,America/Vancouver,2021-06-13T10:56:40Z,2021-06-13 03:56:40,1623581800.0,54.174476,-123.683109,0.0,0.0,1.0,74.0,67.0,71.0,-1.0,11.0,10.0,10.0,13.0,4.0,7.0,17.0,5.0,10.0,5.0,5.0,5.0,11.0,9.0,10.0,11.0,10.0,10.0,914.7,914.19,0.33,0.0,0.0,SAEG_Stuart
2021-06-13 03:00:00,IBULKL8,America/Vancouver,2021-06-13T09:56:40Z,2021-06-13 02:56:40,1623578200.0,54.174476,-123.683109,0.0,0.0,322.0,69.0,65.0,66.0,-1.0,12.0,11.0,11.0,11.0,6.0,8.0,13.0,7.0,10.0,5.0,5.0,5.0,12.0,11.0,11.0,12.0,11.0,11.0,914.6,914.09,0.0,0.0,0.0,SAEG_Stuart
2021-06-13 02:00:00,IBULKL8,America/Vancouver,2021-06-13T08:56:40Z,2021-06-13 01:56:40,1623574600.0,54.174476,-123.683109,0.0,0.0,317.0,68.0,66.0,66.0,-1.0,11.0,11.0,11.0,8.0,5.0,7.0,9.0,5.0,8.0,6.0,5.0,5.0,11.0,11.0,11.0,11.0,11.0,11.0,915.21,914.49,-0.78,0.0,0.0,SAEG_Stuart
2021-06-13 01:00:00,IBULKL8,America/Vancouver,2021-06-13T07:56:40Z,2021-06-13 00:56:40,1623571000.0,54.174476,-123.683109,0.0,0.0,278.0,70.0,67.0,68.0,-1.0,11.0,11.0,11.0,6.0,2.0,4.0,9.0,4.0,5.0,5.0,5.0,5.0,11.0,11.0,11.0,11.0,11.0,11.0,916.29,915.31,-0.85,0.0,0.0,SAEG_Stuart
2021-06-13 00:00:00,IBULKL8,America/Vancouver,2021-06-14T06:56:41Z,2021-06-13 23:56:41,1623653801.0,54.174476,-123.683109,0.0,0.0,312.0,82.0,78.0,79.0,-1.0,14.0,12.0,13.0,6.0,3.0,5.0,9.0,4.0,6.0,10.0,9.0,9.0,14.0,12.0,13.0,14.0,12.0,13.0,914.29,913.31,0.74,0.0,0.0,SAEG_Stuart
